61.220271331449936, 96.58844546752125, 58.77047166472269, 0.18227596447528496, 48.52158914693906, 63.85858032133301, 0.44420746931563576, 30.057803268937832, 0.3029890034642835, 5.272564435939554, 18.337121067048308, 15.930634755816683, 51.07937610594644, 183.33513028480212, 0.8165750966987814, 0.8740603021848262, 8.725788899176447, 19.473122504261443, 0.05045866954027722, 96.29792568140176, 169.28347872550336, 0.28631835438849335, 0.7425296927880606, 10.11516233992732, 15.835426369621096, 0.14580999670346037, 31.573611400654343, 199.9917061001886, 0.676777039862806, 3.240780284144554, 6.55277347720177, 1.6158574309055913, 0.14418960096491013, 0.12058957136546833, 41.963955796724356, 32.32256472198051, 0.7601161276319055, 1.0584314341896481, 32.13387817875912, 0.6374636278940248, 0.7949948040891142, 0.37188796936958746, 0.040470048809959906, 9.010657069069682, 55.36492162023371, 0.004572360683858341, 4.316619868983307, 0.34728904243316494, 0.09197373161243518, 54.21414544500407, 0.2727907797714852, 0.4077300346468779, 0.014504326334168692, 10.218548165440673, 0.38735154682015416, 3.4084912986523443, 76.94149511465729, 71.2045767024246, 24.08768598331417, 0.4311174366143587, 12.40931704428502, 2.225431248100489, 0.6730460405944182, 5.000956722700028, 3.3842494564599943, 0.29010383964345215, 8.456336417649368, 96.50136358022961, 2.009741593236202, 0.0979105344541153, 0.29558840253373403, 48.6066777175216, 0.269175876286205, 76.29329017548602, 83.27040795543347, 81.37327594920694, 0.4734836663683296, 13.243714211174218, 7.467527687311584, 69.92262934105449, 0.5437336409298791
15.996984380774816, 96.89129071751948, 18.927380328355763, 0.8940398252402797, 78.62155354676739, 64.02668021312341, 0.8017686626979622, 86.60562431879305, 0.2150792516422428, 10.14267256225174, 8.398086196012219, 17.649227969491328, 19.197545680761465, 139.20763181088472, 0.5582939087575005, 0.9353385515576326, 2.2893880419315624, 11.197358467376446, 0.6638078320255915, 57.016947315040724, 125.56791259984567, 0.812435894953943, 0.999016651411419, 19.419616207149076, 13.043562055119592, 0.0679673058429018, 55.92311927765707, 110.21327152462929, 0.9695252815445746, 8.73731426302811, 6.478901409188808, 19.106570523870552, 0.07135145519201191, 0.8753709431826182, 89.01661140502146, 2.4494119090256032, 0.9388731208459464, 1.3946863667810385, 9.345320665034123, 0.9222473854109771, 0.6611353393608294, 0.8485122051907208, 0.014817194811478798, 10.36203052541954, 2.048828282192007, 0.21155912872369137, 22.99681706824798, 0.25597944652980437, 0.25627766100319127, 7.599269732552989, 0.5915344623939487, 44.03715190648766, 0.08153479014048806, 48.41728045611471, 0.3565249243623389, 0.039951962152571074, 2.8636855205957534, 52.0628899978252, 16.2701094925288, 0.48309269105911967, 34.37033594689666, 2.63400962446798, 0.16881590103635324, 3.1278955825453076, 91.87593634854537, 0.28715567996763564, 5.734163159421719, 98.49583717889828, 2.337489307307363, 0.37370268579591603, 0.33750305064449443, 46.521141504834354, 0.31888664048399334, 26.70596473276417, 54.061547864684755, 53.55509106358731, 0.08802474625107554, 93.19799686455706, 9.030987317665204, 12.518115793592502, 0.8373225276648898
96.76100368474319, 25.221097199108694, 66.39408544892846, 0.835327771762917, 61.816539525081446, 22.04490974857284, 0.8490809511440371, 52.43168741946521, 0.36275675229954796, 8.060526391755719, 8.863793779235637, 16.28672940274768, 66.53430406062088, 170.36131640097597, 0.9117002757430347, 0.10173184798971074, 17.804987667983212, 1.8694858180796745, 0.6848965366135567, 62.524005140465, 139.7338412147883, 0.7802759545887885, 0.2534855846421146, 9.027263234780957, 20.90696842630964, 0.21731425085236414, 85.00124589199626, 146.5016724507244, 0.025078039662006564, 8.748356893678375, 19.712314128092583, 3.620776913063783, 0.42909947671068593, 0.9879070863219676, 12.322507743797821, 30.780532545568207, 0.47810554015234846, 1.0536563406790318, 54.76163079199986, 0.21965595777458746, 0.8456297494262484, 0.9101203464291108, 0.015159583419635499, 24.779846105889817, 70.72672874537822, 0.23830791727309053, 6.250799228343038, 0.17406504539600587, 0.32443085108435565, 9.120167104431749, 0.8259924305576719, 91.30279332913145, 0.02874911658764535, 54.11072029978452, 1.7276411849437234, 4.651529268156865, 72.50267045291532, 98.1816241249088, 7.869394487841706, 0.13913438291311042, 55.24001558186464, 1.3157293967092907, 0.8440339089261876, 3.343574453533466, 76.5481345219307, 0.014526696603078655, 1.354058226900573, 97.95434729579, 2.1536899755267767, 0.17515864222384053, 0.3837848460530091, 81.16467926252919, 0.8681885258436027, 1.739099811790568, 45.41956246424315, 75.73782208444317, 0.0802348270578946, 22.352923850541206, 78.38738909438628, 90.00373169800942, 0.06705897900574587
10.421859288533497, 74.38771322867875, 69.80528112089736, 0.46159329742035654, 58.2753635400474, 77.9247963591325, 0.15545396413246737, 86.54090475508983, 0.854709907091253, 3.820353053388497, 17.863397034986306, 16.888683649915162, 50.79165347423441, 189.8857779906151, 0.22336696963828723, 0.32008801227868927, 20.053756127787906, 2.327413398062931, 0.24303853163379427, 38.86666197705199, 115.6862297868681, 0.18147267936829609, 0.9391748194232467, 11.719471222009023, 19.298147014350803, 0.16552751869660487, 34.14859472354216, 161.89567439189995, 0.8294251612310599, 3.6844955646953172, 17.559963449837976, 18.910150344341062, 0.1475179560335647, 0.7810750355591889, 39.24061892169014, 13.110534510508822, 0.476826786665459, 1.187208562373359, 50.56826090039237, 0.7964127023090702, 0.30372610004085904, 0.08589341317058066, 0.00556055644160809, 20.50146212168335, 71.88460719130643, 0.024296766603021935, 7.622064980513534, 0.06582646577678168, 0.28152802461904763, 69.0821811178238, 0.3396936531950941, 18.482900261606837, 0.03459547349228119, 15.733038099521245, 1.658882564537808, 2.1099790970935124, 83.48175223306635, 78.68133605019622, 14.180429209325023, 1.4969930647013094, 51.21452015666327, 5.508917779879047, 0.7012687567153254, 1.8881703972281239, 17.661012841839174, 0.2531026365213073, 6.63925465182402, 84.29476394183155, 2.1645505724488774, 0.08311278868218422, 0.03532595854275097, 99.35219934360498, 0.809824949816607, 67.34836780872597, 7.637615575568938, 5.612401268675728, 0.2074084604454396, 47.850165988606804, 52.26760488892152, 33.92202814133065, 0.12498261814372727
63.176045542254776, 66.25024404649189, 59.54964931249916, 0.36569006658611286, 30.950194545671668, 2.5212850761819547, 0.6266464562529745, 28.0300889480319, 0.3531252615129266, 6.9845204298068335, 14.561812216528466, 13.5117790681287, 99.56426972890296, 199.7619400926796, 0.2325182977329004, 0.06894842724319436, 4.5977179085453415, 12.252885280763685, 0.2619614109154964, 8.76046022192017, 145.003469475336, 0.9696040144360563, 0.06302472046858378, 18.31230885125784, 4.143293818893996, 0.1800146250351193, 74.38506573230748, 157.4704061776725, 0.7645770530828793, 4.131144277731165, 17.28125889582179, 10.675482153539436, 0.9239058221487835, 0.6718763950272423, 73.85125042258726, 26.504802256334884, 0.01648511899741979, 1.5302846624368636, 87.54362937023429, 0.42658053171443266, 0.8892424452465293, 0.20240574768665634, 0.06464840882101652, 18.188159588533747, 48.48291121474673, 0.20041203671500596, 23.651903068626766, 0.13448129434398082, 0.002770671232098282, 55.007961396192165, 0.6801354827977131, 31.721345665003142, 0.028127184961645787, 1.384693405586753, 1.7590274926768619, 0.2900306532110406, 69.88735569034729, 37.90608545777212, 95.3642488073118, 1.413894309128339, 20.731997408785364, 0.17225551894065996, 0.6142768823314969, 2.624136294142316, 58.08617440965899, 0.06191577635410535, 5.9541520302713495, 87.31064778136697, 2.0222487208408184, 0.10435411504082509, 0.0581736021387794, 78.3299265470901, 0.3124759253079343, 8.077732074739151, 40.09724766800953, 76.21675100123252, 0.23312718594647422, 91.62049279254882, 32.513873805895564, 66.82679295237565, 0.18355320288847743
29.064964014154654, 99.83302014115085, 30.24960147467357, 0.03143058628574794, 63.877363403412325, 19.652246407968097, 0.9828254531775056, 14.316165673085996, 0.25607257478911183, 8.243300047535003, 8.34951590050353, 7.915334258761358, 94.19148730229885, 187.06860186504318, 0.9856103845501323, 0.18260785167182025, 3.475179822900288, 11.813049190983632, 0.2558385169806788, 5.808853183565028, 105.95766860639647, 0.3454664012555096, 0.8283810140302882, 16.76623325402204, 8.25446537990253, 0.5891939178215284, 34.98931606589882, 136.82298222610848, 0.22338840984037436, 8.639342082505891, 18.213390658209427, 14.719387855062813, 0.6985737312722843, 0.17739606334737384, 93.49779570197431, 43.43443523893382, 0.45099469853627355, 1.5161023372456914, 94.14781079263335, 0.8647918777009054, 0.04378828720075232, 0.6780920425873321, 0.09497315823392563, 23.792328471634217, 26.950714531736708, 0.37269869892864954, 20.439831382148874, 0.2610794444226667, 0.2782409884895975, 97.46237667272753, 0.28940466070435505, 19.983487318155877, 0.041091066355871994, 66.78285723825155, 1.6411106239983844, 1.6873147531298518, 97.13489425680555, 78.29376521110018, 43.858016652959755, 0.5076422556039735, 1.0677520484913128, 5.651907298296411, 0.9326917266227729, 5.05958510829622, 20.801428081529785, 0.30485539864169825, 8.757714770773573, 69.92249596343686, 2.2217471265768003, 0.3646224707633318, 0.08244388950736758, 6.1487576541966, 0.46630838280918074, 93.23090367358449, 62.528587481285726, 98.98638179526424, 0.07204462478973774, 51.02865865590107, 7.936394828700579, 1.1113583946974916, 0.49757786013008143
69.335789146478, 73.25309392405595, 4.61058101021596, 0.5493284189484767, 81.49808990802201, 20.32816422308135, 0.1964475950410276, 95.63735023945704, 0.07143500109080113, 8.373752205949682, 5.235406315045839, 4.042425787456791, 72.59570074348343, 181.81498378451283, 0.712409388387098, 0.36172094596828935, 11.771156886387097, 15.308265939315882, 0.6156957064546096, 64.96476661524281, 147.87904598050883, 0.5840669677049356, 0.9126589484235474, 6.5159902570742085, 20.611441194130684, 0.396845512942696, 69.12221263838404, 157.10476958994175, 0.8082725021392833, 1.0486420561308214, 5.519970200415225, 16.450814182332785, 0.6484845053249577, 0.18888694877668977, 73.13183540237729, 2.522762536151358, 0.9625124704830809, 1.5106829346947932, 53.882193232898665, 0.02791561404340629, 0.021957930438278, 0.6769109125783923, 0.02580811537975153, 14.663029892132723, 33.80875911373065, 0.292322553365604, 22.496342319757556, 0.20347932468895047, 0.26233817830458933, 63.76931302640055, 0.4349313496746683, 89.7358300201662, 0.05663126479156887, 25.300008712206036, 1.2163393200012025, 3.822260778986428, 92.44923033006177, 4.0546274570998815, 95.33325402363076, 0.8191857651470702, 91.4187746487542, 4.342074429920228, 0.22759573888986573, 4.812660383615753, 87.7608335178359, 0.35427515306366436, 8.339852439992406, 23.258152763321956, 2.2101181698036196, 0.07474746922140522, 0.23349366694153564, 52.0826650882292, 0.519199780940784, 24.85831628408475, 79.11631557321405, 79.602269920267, 0.14438684547306696, 86.6870984232326, 43.31234783967666, 6.173037269668372, 0.7267540542554596
36.59052917292339, 19.873814300332437, 11.054582517104123, 0.3555419592168683, 68.66042238809949, 83.10975144908872, 0.5527985418832374, 1.729192337433582, 0.32344540320085924, 5.158828940536402, 4.871684719464048, 12.28631694833696, 63.86468633375995, 189.55372488764112, 0.691020288276356, 0.2412032783430092, 14.576274613062004, 7.814558699280755, 0.47612885056345206, 30.579876238894094, 110.21888159395976, 0.8343685468719321, 0.3783614752090629, 5.3713606115291626, 18.14462782621176, 0.3141956669342632, 24.38412600649388, 184.80852251090522, 0.2905868280229369, 9.419266479910165, 8.492066534673507, 20.241390260358024, 0.9605973362902586, 0.06802702360497304, 76.09539179763914, 24.55348465537818, 0.44892046464348495, 1.8856401848481839, 2.6952118578381743, 0.8829041220196295, 0.24261466671437554, 0.11534730373835539, 0.0529751154907476, 20.12509329089151, 25.81008511908744, 0.3847870769935576, 1.5080432270305635, 0.0036277757739968212, 0.06038226868866336, 86.95398058589052, 0.891666669674658, 54.13804503670254, 0.020761967369369447, 30.63846657598331, 1.9332741333877723, 3.0537819714824357, 1.6257653557927618, 86.03802270695422, 77.78615732566576, 0.21154446871859667, 59.610010074607466, 5.656603927490749, 0.1003786006142775, 6.845864444057506, 12.32310435484155, 0.05763985722705428, 9.879089708736728, 9.003143600833226, 2.315522568849698, 0.11834513195156145, 0.3221737646413946, 8.839443133850459, 0.16044820337315588, 56.42880152958066, 36.83623765892039, 1.0215947239555816, 0.3248167353624241, 48.82650351456802, 34.55146194086916, 19.381093621608727, 0.2182040497358862
79.95009264566337, 92.39642367174791, 89.37270225636833, 0.2906635389533957, 14.326324759602091, 43.50992737348787, 0.09904690781777852, 64.63838707049256, 0.35980649862543257, 3.928053930850016, 19.592803682146393, 3.434456807729665, 96.06393248869705, 115.87606113049229, 0.3910527952975515, 0.7138376672864178, 17.5822545513956, 16.69998658464496, 0.6359102440792901, 44.56402759791127, 156.39475351264977, 0.008896259892270636, 0.39259060081431113, 16.926050252089947, 1.7690697012455388, 0.5813351428692461, 32.98295309774223, 176.8819181428607, 0.47680959033816445, 3.7248629583564026, 13.072948347092336, 12.096052992349872, 0.6293700709205855, 0.058405008285774544, 31.530475181796554, 25.436062554977227, 0.04214471652540281, 1.7442001156169662, 82.8035155968874, 0.6004706159913493, 0.4964846035208987, 0.5065760619917603, 0.029651517175333857, 15.78077591097866, 0.39932534674013254, 0.3720306394922033, 1.9188380144744348, 0.23067880746197653, 0.11698809553567531, 86.38244023333397, 0.5711258109086844, 50.58461505485686, 0.041602024531639026, 95.8686550823802, 0.22497615716942845, 3.2067007820387867, 23.038896628547608, 6.556828471602537, 2.6462212651127226, 1.1710518309283675, 50.94713323522576, 4.981460700564269, 0.9591531125122771, 4.303369324642014, 1.010598869911754, 0.01456951697105962, 2.77363188520812, 87.52529896637911, 2.0956327126198304, 0.19515350255452996, 0.038460645427195704, 77.43343893667243, 0.4623224122272847, 64.32311895583608, 99.45039413180135, 11.894986677437464, 0.18564549844532496, 74.0577076116412, 14.749546031856735, 67.59799133700068, 0.4097177840355438
66.68634576803602, 81.85677727793096, 62.90768127384794, 0.5061676544096014, 27.008542652337162, 34.446049864005424, 0.6293942339206677, 61.108815882458934, 0.3157215288809639, 6.898999420602707, 16.98591041910025, 5.978526595137658, 36.055330042382, 100.81125359346882, 0.3695353365929453, 0.5369800868773034, 2.158132261730978, 14.065437504565818, 0.7969423808629588, 60.63606892498215, 199.9870997740129, 0.2658428404394437, 0.1788275086235434, 17.463143588735072, 16.125546548162163, 0.5982278576961951, 7.802906594278913, 103.98521974286713, 0.3378896884370114, 3.792767176245902, 12.486432830769132, 6.9502553028406355, 0.20331148975725605, 0.3107385920663213, 9.561351717460214, 26.998262591283822, 0.36984389482994695, 1.1508700628028334, 35.700207291540266, 0.26034371930478456, 0.6717903986475253, 0.24847593197086917, 0.02955063492740025, 3.4239170573158186, 74.78446300626703, 0.1086160110971701, 3.825614394216614, 0.3751723931681478, 0.10905650726796745, 40.470884891054524, 0.422459218477555, 67.27633478795038, 0.05310009624980218, 26.714281083156877, 1.3072947119539262, 2.5745460439801953, 64.10449419436338, 44.26357314765739, 36.71298193346656, 0.624298754455055, 60.37432694506361, 6.129699265334316, 0.7757308930341686, 9.092313792932703, 12.418086363973895, 0.3471917622713264, 4.5095658808218, 22.675458094165833, 2.0022317491187875, 0.3525556504981121, 0.3618829659630447, 43.79676131928384, 0.4099977406591584, 1.717888487133488, 15.3260480605718, 19.44292060198822, 0.38428673029973237, 28.613940253213794, 39.46485854869499, 4.489124562819331, 0.739966828513002
52.929479836099745, 88.21924873966177, 85.10674033945922, 0.42057994948376864, 31.069844128947132, 68.34747294031237, 0.2320137018721058, 61.90835260362586, 0.42838823782668844, 9.209749284848703, 15.476901724720076, 3.5069289887566253, 93.73807682060277, 190.20152763486544, 0.5433102877120461, 0.7336309726792402, 11.307957167638307, 3.64116492670043, 0.4026031335111784, 37.40814445295354, 144.6345854652631, 0.5124540054881328, 0.3227708940443376, 17.94797055649269, 17.979333614639078, 0.384650005779269, 86.02859401365092, 130.26782164704528, 0.9013600856290805, 2.5539509505383986, 19.13503511743032, 5.790728604202036, 0.13115863856211774, 0.5030393510434329, 98.57880490571058, 21.147538887380584, 0.8639141442803853, 1.007226377322372, 94.19464993299312, 0.5379851121343221, 0.16106326209977836, 0.8402783747233895, 0.07883081798167417, 12.816828130793263, 30.479865357809494, 0.3022653636146858, 7.123530013485305, 0.006127756839846151, 0.15467177044729946, 24.379271912604395, 0.9970311154368782, 45.58140433678831, 0.026682139390989727, 23.386018619988576, 1.3943880454856459, 4.155865603927374, 68.44691467040349, 56.9066816484528, 90.75432749475497, 1.1819160325021225, 69.2466129842076, 7.67291116912745, 0.8987600481865701, 10.59319600537762, 13.744020424053899, 0.06543554395085958, 5.8941172164937585, 58.26223802402628, 2.3124750140837222, 0.2608471074867633, 0.27122262549957155, 31.839211368442268, 0.9990036562998367, 9.988328747291394, 59.07530401241837, 48.0226777422117, 0.24241792411360064, 2.4683037672696853, 12.256280267419314, 43.67309166739503, 0.6552141402390702
28.64819960176025, 57.63410519013634, 55.8421212217667, 0.7731943064613976, 73.49474234996748, 95.41192640069814, 0.8407422108731972, 22.878338243649466, 0.23764940676809793, 4.268681706638366, 20.82632167668776, 6.955502356625541, 11.317302495345086, 108.31143018678449, 0.24775036883089477, 0.9954118298585397, 15.26860389800025, 9.26949543022156, 0.8638067857587743, 4.499493739971085, 105.63013141155143, 0.7137461429835334, 0.8147330616828543, 14.244226998890992, 11.851375012482425, 0.7535863075558901, 52.64474852811139, 110.21766540302148, 0.5802647083787378, 1.2451026581614868, 13.34104391561057, 17.090179690775276, 0.41834647122772867, 0.3797973822560902, 18.501580731124935, 46.38880122472101, 0.5505350373700121, 1.5576700833528283, 8.00460377239576, 0.886491242183219, 0.926871062061599, 0.8094584752863, 0.051866407518782326, 15.260523021866332, 57.46064895284434, 0.20075716157456802, 17.883238878680714, 0.05889462628981077, 0.24174002907247233, 14.174804815712458, 0.9346686298099205, 87.84346227901861, 0.05959613768396351, 97.76234453261125, 1.8151249504337275, 3.839314321875353, 58.03172489630959, 49.72848197764822, 22.447086189090296, 0.3336871997017171, 45.691013258113315, 0.06374290536323221, 0.14823232418689145, 5.981084735864779, 63.153468608040555, 0.056880167475676494, 7.937189814445718, 69.52228368429971, 2.0656143975967507, 0.19360458298109856, 0.21483056212000806, 93.942553552608, 0.6516615450577234, 91.40638350989025, 16.928085337228072, 8.6352095705226, 0.20263650323449423, 21.242701338347384, 57.783721451159884, 40.10742677139959, 0.41757738663617217
82.12638786345158, 89.85059092066163, 7.762287520008838, 0.458521757074009, 68.75116139233648, 4.524598909410182, 0.15853911071314428, 25.55693201113195, 0.3060931103198228, 1.1674680717245909, 7.146173967387815, 5.723512247045734, 38.473798581297075, 116.83164501570346, 0.7739366622061784, 0.6427895648993025, 7.49604471211332, 13.927435850336192, 0.08446766529637692, 91.7744714576033, 176.2588734125835, 0.837067897437575, 0.2239743299608875, 5.656809156102566, 5.171616567833503, 0.06117382759393048, 48.204101096349085, 196.6939260243601, 0.9116275609727809, 8.993392828827094, 17.1857947902784, 11.371609404650055, 0.648783625366577, 0.4083101961118159, 28.260629616266584, 43.82247299860475, 0.13582160155664405, 1.5956767875747349, 40.44361965569697, 0.4273290854106033, 0.8986745399582969, 0.015631260408929176, 0.08123039420945415, 21.42542368851291, 57.79905094930944, 0.1955815494140764, 2.1561282500104033, 0.20833917671031146, 0.30423325842121496, 9.067924364581058, 0.92438104243161, 66.77588908258394, 0.002004104596198412, 6.755403687472442, 1.472482984289579, 4.216651922915466, 15.34353046806815, 70.591029856465, 60.267360144620085, 0.04013546677702957, 45.38640890532054, 6.953116559119686, 0.6934703743948574, 2.3373145644679383, 1.5999110783695696, 0.24450320376123746, 1.0917275681687841, 95.03504018062205, 2.204904220417365, 0.3802157303129863, 0.3017197352226466, 20.32525489778646, 0.4870894055140625, 50.612186466482456, 59.70925969462733, 63.37705234395424, 0.1967289848819169, 41.243130467127976, 77.77888160404935, 81.3066384752537, 0.4511200425031062
64.96683922354889, 89.22134576664502, 4.419745788537386, 0.24589291830785864, 58.59420957222462, 92.44964268388962, 0.79093541354821, 47.77532294474394, 0.509200319417696, 3.0380866400432303, 17.027794360933747, 3.2897521997397625, 93.2819821742837, 196.38355509211107, 0.16276700279569764, 0.2638055460694618, 5.21745332919803, 14.953520212757883, 0.485536901854856, 52.00761526617934, 162.76780923520923, 0.4626578279674193, 0.8646915211618902, 2.4791867924655144, 20.44698569526365, 0.9786595498213676, 2.023867949512921, 137.75622016109503, 0.8481266282935435, 7.857190958456027, 19.75647239381041, 20.799686720279364, 0.12363288699624049, 0.9780921519533596, 66.16002532176658, 28.24873621492394, 0.06862697963846481, 1.1528075889468623, 98.97226800751213, 0.5353787673282312, 0.12348999129811136, 0.27989212459995305, 0.09657527931423998, 5.118123767378082, 59.435061384920886, 0.36739238767685267, 0.018942400643229385, 0.2771507023609146, 0.2412237271401718, 17.850529879780293, 0.980388291920059, 6.811566083246044, 0.03925329284299096, 15.562022086543617, 0.1847046988532104, 4.069483812850605, 65.16780349932299, 78.42108789365292, 64.28564227860906, 1.3387679854937586, 12.053391034865356, 0.4636904305002263, 0.3270980246898499, 8.555980592322157, 69.67030160699689, 0.01719525389545998, 7.450116651340095, 13.404626856886551, 2.3346588970675968, 0.3839041400895977, 0.06334751738794382, 25.77785407991503, 0.18819580381741158, 23.89913041871664, 69.45653021982417, 42.0654457311563, 0.008185879578942283, 0.21195196656807752, 76.96749302831607, 24.061447408810672, 0.8132977030166555
4.202111640126463, 24.095652449039967, 24.226098020527946, 0.27343461113709505, 63.22189802341526, 45.900416471205205, 0.3205557893125246, 8.15438361290172, 0.5408377906281657, 10.11783273771086, 10.563210876110453, 17.12909626396376, 21.70723084756794, 172.02064718148233, 0.2543348151022673, 0.8705174137488704, 13.71028182358247, 9.327744756213116, 0.7347299872923362, 83.6234810634759, 164.40747709479297, 0.003012409167775712, 0.35279892673269486, 11.302985397113392, 17.1677597537151, 0.721856468279619, 10.169035795697997, 177.17915748225803, 0.867884498097896, 2.201204969121086, 17.463770383334293, 11.001756419689485, 0.9027929522737792, 0.9811708192728634, 81.25930236694602, 44.288485042570116, 0.03629495544001839, 1.9649641801371405, 99.61768416791676, 0.9448406888514143, 0.12870035758658813, 0.5473555489099012, 0.03846782783394499, 3.531914858545013, 71.11603070503023, 0.3659355310785807, 15.717939221235333, 0.19906946331684036, 0.08472858836668629, 68.5319975938264, 0.899574030910205, 79.69788597597238, 0.09445612735037306, 88.43570956996754, 0.5558630549172945, 4.6619909030346545, 37.76857195417671, 93.45125684377106, 28.150064354899495, 1.3095521132920631, 97.41037234472437, 7.845835977397187, 0.6391325549289621, 3.7305405384972152, 96.5076478357433, 0.14152506570409726, 8.713125087323764, 70.98939623527268, 2.1085688323203917, 0.35503367162321525, 0.10560723079332768, 90.68433866057565, 0.1321729598344688, 18.498485811967402, 47.954135892132975, 33.342560637023446, 0.27118844858986335, 26.653277666981317, 45.09026949599215, 38.40713215704901, 0.8999763801822893
98.05025653835499, 58.51482795701616, 66.86260648201844, 0.07095176613606416, 50.0830810788654, 84.28271241010833, 0.8892099206904492, 49.0329285009223, 0.37991625087845743, 5.996604750553215, 3.2172168750450565, 14.042756921107818, 40.560685770423255, 117.06485557377951, 0.3377944184362213, 0.6740914118606347, 17.816335697921872, 2.4882364146402858, 0.30707997719862845, 15.794414684182057, 109.8828830580184, 0.6470560002814724, 0.6320891447013858, 15.437905345678413, 20.172857917149496, 0.453556416409274, 70.33658050008681, 106.23864031403471, 0.7125332313353625, 8.092022684725075, 2.221528415730985, 7.157131249882766, 0.4724826329534705, 0.3554985941989493, 21.064628743730076, 1.375804108360376, 0.664045719387663, 1.1919929130894045, 5.024626811294035, 0.395647712886305, 0.8556558011617703, 0.7304240028711242, 0.08333542182632608, 13.439653330127886, 60.60665497451618, 0.015364984984403827, 10.098001205139433, 0.077603002315457, 0.3855202370247293, 35.327811063536494, 0.41950387400728784, 50.08418341533294, 0.06420169444969184, 13.127023408609666, 0.8542254674289197, 0.372961469194362, 96.38680041639175, 16.111723847719066, 23.835606823170476, 1.8537061760061406, 27.83293047732197, 4.171627809267137, 0.6175813557805852, 7.186679707373481, 52.98765491330843, 0.037295795711365376, 8.14272749687132, 43.1738354547993, 2.2524549254284785, 0.28605928062178804, 0.11542280461337784, 46.57034911851937, 0.6967035191678806, 81.02953168567639, 41.760045496715506, 78.83236187433592, 0.25242049381270093, 70.39187509072205, 91.45866096960617, 21.7185884370733, 0.07043900196317571
95.5233205287761, 51.740788816405534, 71.26811275313958, 0.8668422222160869, 77.54017657541948, 24.564039962489105, 0.0746328194810071, 32.652599747117755, 0.5936279300530106, 2.8127776159353357, 4.678470143998624, 12.487630881410443, 81.10642925789575, 185.5007731377146, 0.9425106778122146, 0.41554626747827966, 3.3822428683934858, 10.597603111608986, 0.7693017007680452, 2.7162725260502176, 184.0412099825619, 0.5819663760808849, 0.17014979939103578, 15.22667088339501, 18.86156504512509, 0.2617471341137864, 88.94854080680949, 118.92798225064404, 0.9286879901745381, 7.729179322471691, 10.46342433836569, 16.734390228935453, 0.43737152028596543, 0.3691420001987277, 14.37529323617829, 42.350765491124314, 0.7858414821444969, 1.3204910439541915, 81.26749216880741, 0.66615468418778, 0.2876996748129975, 0.34954895717718304, 0.031622135247857515, 18.165991553764687, 71.23227785919268, 0.2500162897057727, 9.133913388346507, 0.07864279270873803, 0.35611622567022344, 60.81546997929589, 0.9697359066167323, 44.91118315996045, 0.0863918231071006, 17.957381333537626, 0.9782658680391644, 1.103480643177617, 80.83475169593747, 20.04757832673551, 77.43675359282044, 0.2658694441701363, 53.1098671828932, 1.7159723956083215, 0.20822078258709292, 2.072072738364776, 98.7253057302007, 0.12511156445111715, 6.096038322681986, 89.021383101243, 2.0453162424616367, 0.010908582133162913, 0.09549433591269102, 21.782610417049586, 0.6891194835477674, 0.9721011180212661, 80.8662238439115, 87.20394432370185, 0.17729381502966304, 62.10999604605908, 1.6571512401926083, 90.32353330524671, 0.6427643615973847
61.05320522435812, 40.753881344879616, 96.24363955821187, 0.6725352378205173, 44.04755261303192, 30.709288596480075, 0.5019072848326566, 64.14228607921108, 0.5109335171728339, 4.836807304061262, 16.759263409896676, 12.850643049887609, 25.638565816564434, 188.11236544073944, 0.01835712332075218, 0.8416125391062209, 16.189615849918276, 20.68765102647331, 0.3405820519803287, 34.56884386300975, 181.5275423599408, 0.35906313165819026, 0.47737547329262864, 9.797707695420746, 18.446985032802854, 0.3111308479562263, 60.24875070141561, 161.3702894031275, 0.9077081368509554, 2.55568094627085, 14.400773028835715, 13.37917484490544, 0.4257702204906408, 0.9154845160499755, 54.306513332889004, 28.640137684041683, 0.9983883510751614, 1.8355317482517526, 14.800980920009158, 0.25899204172943985, 0.5003402422045873, 0.8489376250388972, 0.06588322552882737, 0.03439867422352119, 13.818154870482399, 0.1589524390747325, 14.999444217103674, 0.1443907277815264, 0.25556322019197053, 32.79823710576862, 0.17730024228245556, 39.40188212764686, 0.033971440614101435, 33.16456144685489, 0.1765519202379857, 2.5319573175489696, 41.28100875111939, 94.28499809650157, 0.6174139312583964, 1.9546316590920485, 67.61794686557721, 6.070738934811207, 0.2557490063181695, 10.637375979326055, 3.863554229215776, 0.25853565149253627, 4.181369054169597, 18.383979391455195, 2.320703189130394, 0.16306065439540093, 0.25102331803454075, 58.37915048162026, 0.4503786071005955, 26.07393937628963, 91.626644018661, 75.80352183452909, 0.370072420463351, 3.924648990465973, 20.56985843623869, 40.08196182181204, 0.6023714944987031
44.00644270122109, 21.152588619239353, 73.03797383373093, 0.003926424778273634, 19.0447746008022, 53.6140001408531, 0.07451525826884871, 33.511741209904734, 0.15567219684383074, 6.60380906919177, 6.623317086546821, 19.484416356129007, 1.5396025778707425, 195.69908882922482, 0.03188862658972484, 0.9132289302406112, 4.884841933980883, 2.067492486935137, 0.6824572461361751, 15.486231724054747, 171.7943661551888, 0.17859448487082838, 0.29405383482330316, 12.242639144532262, 19.300423879772268, 0.8038790158699974, 14.857727543051999, 158.75462912350127, 0.5603533935585014, 5.307783032702817, 4.857867438302409, 9.527509766849574, 0.9450709198858824, 0.853961440355752, 65.89224806711543, 45.38622802370264, 0.9096599634631665, 1.4654080871015243, 78.072378821322, 0.8080767156948879, 0.5508489358990407, 0.43567527953861757, 0.06026472631164916, 7.732513606440007, 62.632284156946774, 0.13962614128140893, 1.5606822746688847, 0.14195285333029609, 0.03073265112269576, 21.776156732653003, 0.8607783222819068, 11.901345301214297, 0.020951625884210994, 1.4145347488266764, 1.136287664092965, 4.576918118959217, 50.579965319592624, 44.90834707713406, 76.84884780179753, 1.1717793210765255, 96.74748187191807, 5.815867532047641, 0.2069793514184964, 5.075526751150748, 2.1367565654736502, 0.11595152523349095, 6.851276504278106, 17.59227468470897, 2.1527025694905975, 0.2611533242319393, 0.19191254229454321, 29.150307131898035, 0.3718304151328118, 31.79190951561837, 51.26165541653373, 17.501992062211507, 0.32408203825951654, 47.046397757407284, 44.07176220771381, 99.37450031987478, 0.0912244445656714
1.6590062840142965, 4.4741634003940725, 57.162803114076645, 0.2222906564655204, 63.89038404666509, 65.31473323790958, 0.19648537679023584, 79.484946976876, 0.7454959266502299, 3.674579155066418, 17.821443444526953, 15.571346712979064, 50.41399570706755, 124.91510785079477, 0.0750479182184147, 0.8017039618633564, 3.3978642555644276, 8.340172924984529, 0.4334698352198724, 32.31068869089444, 187.82042382510159, 0.37131542414596347, 0.15535372325032668, 14.227231450700206, 15.192103680107477, 0.740465969288625, 0.7270528364495371, 185.9018986787043, 0.9925249570019955, 10.292786741771863, 15.008891093312462, 11.38003516689331, 0.19091382671118035, 0.08867634473731835, 20.286575696501714, 7.89047466682354, 0.8483096258488992, 1.3437980192598444, 49.28139085010804, 0.5134835531593903, 0.6874819275504667, 0.9134197580912163, 0.055110787011416924, 13.195364469463088, 74.88991656079295, 0.2468026781992929, 17.882207316011193, 0.343982658858153, 0.12250657735641968, 14.862742973168741, 0.6386822620760894, 34.26145560690647, 0.05767643030107868, 6.9704508126440565, 0.21410764504537796, 0.7687912559165068, 99.41283654101049, 74.48834329598814, 54.01266116665019, 0.803302803568724, 68.81149268249352, 4.477178026422641, 0.8193961964136317, 1.5225956786646475, 22.9765562037448, 0.1562379369657224, 1.4917561929525749, 54.856870414263966, 2.3870062357964046, 0.03319193659879394, 0.09158957976391843, 2.3825547172735613, 0.48992151053312016, 17.99178270762184, 45.73370141026466, 24.795078209198273, 0.2154127008767559, 65.8059499916221, 38.6285440965559, 85.78870802304752, 0.8330725493197924
